Workbook

Sheet PORTADA
A1: DIVISE / DOLARITO
A6: Casos de Prueba — Módulo de Soporte y Tickets
A7: Chatbot de soporte, tickets y bandeja de administración
B9: Proyecto | D9: Divise — Cotizaciones & Mercado en Tiempo Real
B10: Emprendimiento | D10: DiviseTech — Grupo 6 — ESTFA 2026
B11: Documento | D11: Casos de prueba del módulo de Soporte y Administración
B12: Versión | D12: 1.0
B13: Fecha | D13: Octubre 2026
B14: Entorno principal | D14: Local (http://localhost:5173 + http://localhost:5000) y producción Render/Supabase
B15: Equipo | D15: Valentín López [PM] · Santino Tacconi [Dev] · Santiago Centurión [Dev] · Bruno Cabrera [UX] · Lorenzo Sánchez [BDA/QA]
B16: Alcance | D16: Chatbot de soporte, tickets de usuario, bandeja de administración, estados, respuestas, persistencia, seguridad, responsive y correcciones de conectividad/caché.
A20: CASOS DISEÑADOS | C20: APROBADOS | E20: PENDIENTES | G20: PARCIALES
A21: 41 | C21: 34 | E21: 4 | G21: 3
A23: FALLOS BLOQUEANTES | C23: RESULTADO DEL CICLO
A24: 0 | C24: APROBADO PARA DESPLIEGUE
A26: CONTENIDO DEL LIBRO
A27: RESUMEN | C27: KPIs, distribución por módulo, estado y gráficos.
A28: CASOS DE PRUEBA | C28: Matriz completa de 41 casos con pasos, resultados y estado.
A29: CASOS ADMIN | C29: Checklist específico de los 16 casos de administración.
A30: COBERTURA | C30: Cobertura por módulo, prioridad y tipo de prueba.
A31: BUG REPORT | C31: Defectos detectados y correcciones del ciclo.
A32: TRAZABILIDAD | C32: Relación entre funcionalidades nuevas y casos de prueba.
A33: CIERRE DE CICLO | C33: Resultado final, pendientes y aprobaciones.
A36: Documento generado para el cierre del sprint — Divise / Dolarito — Octubre 2026.

Sheet RESUMEN
A1: Panel de Métricas — Módulo de Soporte y Tickets
A2: Resultados de la ejecución · Octubre 2026 · Datos vinculados a la hoja CASOS DE PRUEBA
A5: CASOS DISEÑADOS | C5: APROBADOS | E5: PENDIENTES | G5: PARCIALES
A6: =COUNTA('CASOS DE PRUEBA'!$A$4:$A$44) | C6: =COUNTIF('CASOS DE PRUEBA'!$E$4:$E$44,"APROBADO") | E6: =COUNTIF('CASOS DE PRUEBA'!$E$4:$E$44,"PENDIENTE") | G6: =COUNTIF('CASOS DE PRUEBA'!$E$4:$E$44,"PARCIAL")
A8: FALLOS BLOQUEANTES | C8: RESULTADO DEL CICLO
A9: =COUNTIF('CASOS DE PRUEBA'!$E$4:$E$44,"FALLO") | C9: APROBADO PARA DESPLIEGUE
A11: Módulo | B11: Casos | C11: Aprobados | D11: Pendientes | E11: Parciales | F11: Fallos | G11: % Cobertura
A12: Soporte / Usuario | B12: =COUNTIF('CASOS DE PRUEBA'!$B$4:$B$44,$A12) | C12: =COUNTIFS('CASOS DE PRUEBA'!$B$4:$B$44,$A12,'CASOS DE PRUEBA'!$E$4:$E$44,"APROBADO") | D12: =COUNTIFS('CASOS DE PRUEBA'!$B$4:$B$44,$A12,'CASOS DE PRUEBA'!$E$4:$E$44,"PENDIENTE") | E12: =COUNTIFS('CASOS DE PRUEBA'!$B$4:$B$44,$A12,'CASOS DE PRUEBA'!$E$4:$E$44,"PARCIAL") | F12: =COUNTIFS('CASOS DE PRUEBA'!$B$4:$B$44,$A12,'CASOS DE PRUEBA'!$E$4:$E$44,"FALLO") | G12: =IF(B12=0,0,C12/B12)
A13: Administración | B13: =COUNTIF('CASOS DE PRUEBA'!$B$4:$B$44,$A13) | C13: =COUNTIFS('CASOS DE PRUEBA'!$B$4:$B$44,$A13,'CASOS DE PRUEBA'!$E$4:$E$44,"APROBADO") | D13: =COUNTIFS('CASOS DE PRUEBA'!$B$4:$B$44,$A13,'CASOS DE PRUEBA'!$E$4:$E$44,"PENDIENTE") | E13: =COUNTIFS('CASOS DE PRUEBA'!$B$4:$B$44,$A13,'CASOS DE PRUEBA'!$E$4:$E$44,"PARCIAL") | F13: =COUNTIFS('CASOS DE PRUEBA'!$B$4:$B$44,$A13,'CASOS DE PRUEBA'!$E$4:$E$44,"FALLO") | G13: =IF(B13=0,0,C13/B13)
A14: Integración / Backend | B14: =COUNTIF('CASOS DE PRUEBA'!$B$4:$B$44,$A14) | C14: =COUNTIFS('CASOS DE PRUEBA'!$B$4:$B$44,$A14,'CASOS DE PRUEBA'!$E$4:$E$44,"APROBADO") | D14: =COUNTIFS('CASOS DE PRUEBA'!$B$4:$B$44,$A14,'CASOS DE PRUEBA'!$E$4:$E$44,"PENDIENTE") | E14: =COUNTIFS('CASOS DE PRUEBA'!$B$4:$B$44,$A14,'CASOS DE PRUEBA'!$E$4:$E$44,"PARCIAL") | F14: =COUNTIFS('CASOS DE PRUEBA'!$B$4:$B$44,$A14,'CASOS DE PRUEBA'!$E$4:$E$44,"FALLO") | G14: =IF(B14=0,0,C14/B14)
A15: Seguridad | B15: =COUNTIF('CASOS DE PRUEBA'!$B$4:$B$44,$A15) | C15: =COUNTIFS('CASOS DE PRUEBA'!$B$4:$B$44,$A15,'CASOS DE PRUEBA'!$E$4:$E$44,"APROBADO") | D15: =COUNTIFS('CASOS DE PRUEBA'!$B$4:$B$44,$A15,'CASOS DE PRUEBA'!$E$4:$E$44,"PENDIENTE") | E15: =COUNTIFS('CASOS DE PRUEBA'!$B$4:$B$44,$A15,'CASOS DE PRUEBA'!$E$4:$E$44,"PARCIAL") | F15: =COUNTIFS('CASOS DE PRUEBA'!$B$4:$B$44,$A15,'CASOS DE PRUEBA'!$E$4:$E$44,"FALLO") | G15: =IF(B15=0,0,C15/B15)
A16: TOTAL | B16: =SUM(B12:B15) | C16: =SUM(C12:C15) | D16: =SUM(D12:D15) | E16: =SUM(E12:E15) | F16: =SUM(F12:F15) | G16: =IF(B16=0,0,C16/B16)
F18: Estado | G18: Cantidad
F19: APROBADO | G19: =COUNTIF('CASOS DE PRUEBA'!$E$4:$E$44,F19)
F20: PENDIENTE | G20: =COUNTIF('CASOS DE PRUEBA'!$E$4:$E$44,F20)
F21: PARCIAL | G21: =COUNTIF('CASOS DE PRUEBA'!$E$4:$E$44,F21)
F22: FALLO | G22: =COUNTIF('CASOS DE PRUEBA'!$E$4:$E$44,F22)
F23: N/A | G23: =COUNTIF('CASOS DE PRUEBA'!$E$4:$E$44,F23)

Sheet CASOS DE PRUEBA
A1: Matriz de Casos de Prueba — Módulo de Soporte y Tickets
A2: 41 casos · Ejecución Octubre 2026 · Entorno local + Render/Supabase · Estados: APROBADO / PENDIENTE / PARCIAL / FALLO
A3: ID | B3: Módulo | C3: Prioridad | D3: Tipo | E3: Estado | F3: Título / Funcionalidad | G3: Precondiciones | H3: Pasos | I3: Resultado esperado | J3: Resultado obtenido / evidencia | K3: Responsable | L3: Fecha de ejecución
A4: CP-SOP-01 | B4: Soporte / Usuario | C4: ALTA | D4: Funcional | E4: APROBADO | F4: Visualización del icono flotante de Soporte | G4: Usuario autenticado en el dashboard. Backend activo. | H4: 1. Iniciar sesión como usuario estándar. 2. Observar la esquina inferior derecha. 3. Navegar a otra sección del dashboard. | I4: El botón flotante “Soporte” se muestra fijo en todas las pantallas del dashboard y no aparece en login/registro. | J4: Verificado en /dashboard; el botón se mantiene al navegar entre secciones.
A5: CP-SOP-02 | B5: Soporte / Usuario | C5: ALTA | D5: Funcional | E5: APROBADO | F5: Apertura, cierre y pestañas del panel | G5: Widget visible. | H5: 1. Hacer clic en “Soporte”. 2. Verificar encabezado y pestañas “Nuevo ticket” / “Mis tickets”. 3. Cerrar y volver a abrir. | I5: El panel se abre y cierra correctamente; muestra las pestañas y conserva el estado de la conversación. | J5: Verificado; apertura/cierre sin errores y pestañas visibles.
A6: CP-SOP-03 | B6: Soporte / Usuario | C6: ALTA | D6: Funcional | E6: APROBADO | F6: Flujo completo del chatbot | G6: Sesión de usuario estándar. | H6: 1. Abrir Soporte. 2. Elegir “Problema técnico”. 3. Elegir prioridad “Alta”. 4. Escribir asunto. 5. Escribir descripción mayor a 10 caracteres. 6. Enviar. | I6: El bot avanza paso a paso, crea el ticket y muestra el código generado con mensaje de éxito. | J6: Ticket creado con código único; estado inicial “Abierto”; mensaje de confirmación visible.
A7: CP-SOP-04 | B7: Soporte / Usuario | C7: MEDIA | D7: Funcional | E7: APROBADO | F7: Validación de asunto vacío | G7: Estar en el paso “Asunto”. | H7: 1. Dejar el campo vacío. 2. Presionar enviar. | I7: Se muestra “Escribí un asunto para continuar”; no se crea el ticket. | J7: Validación frontend verificada; la API también responde 400 si se fuerza el envío sin asunto.
A8: CP-SOP-05 | B8: Soporte / Usuario | C8: MEDIA | D8: Funcional | E8: APROBADO | F8: Validación de descripción demasiado corta | G8: Estar en el paso “Descripción”. | H8: 1. Escribir menos de 10 caracteres. 2. Presionar enviar. | I8: Se muestra “Contame un poco más (mínimo 10 caracteres)”; no se crea el ticket. | J8: Validación implementada en el flujo; la API rechaza mensajes vacíos.
A9: CP-SOP-06 | B9: Soporte / Usuario | C9: ALTA | D9: Funcional | E9: APROBADO | F9: Creación de ticket con código único | G9: Flujo completo del chatbot. | H9: 1. Crear un primer ticket. 2. Repetir el flujo y crear un segundo ticket. 3. Comparar códigos. | I9: Cada ticket recibe un código único con formato TK-AAAA-XXXXX; categoría, prioridad y estado son correctos. | J9: Dos códigos distintos generados; ambos persistidos correctamente.
A10: CP-SOP-07 | B10: Soporte / Usuario | C10: ALTA | D10: Funcional | E10: APROBADO | F10: “Mis tickets” muestra solo los tickets del usuario | G10: Usuario con tickets propios y tickets de otros usuarios en el sistema. | H10: 1. Abrir “Mis tickets”. 2. Refrescar. 3. Comparar con la bandeja del administrador. | I10: Se muestran únicamente los tickets del usuario autenticado, con estado, fecha, categoría, prioridad y respuesta. | J10: Verificado; no se exponen tickets de otras cuentas.
A11: CP-SOP-08 | B11: Soporte / Usuario | C11: ALTA | D11: Funcional | E11: APROBADO | F11: Respuesta del administrador visible para el usuario | G11: Ticket respondido por el administrador. | H11: 1. Abrir “Mis tickets”. 2. Localizar el ticket. 3. Leer el bloque “Respuesta del equipo”. | I11: El usuario ve la respuesta y el estado actualizado del ticket. | J11: Verificado con respuesta y cambio a “En proceso”.
A12: CP-SOP-09 | B12: Soporte / Usuario | C12: ALTA | D12: Funcional | E12: APROBADO | F12: Persistencia del ticket tras recargar | G12: Ticket creado. | H12: 1. Recargar la página con F5. 2. Abrir nuevamente “Mis tickets”. | I12: El ticket sigue visible con su estado, respuesta y datos originales. | J12: Verificado; la información se recupera desde el backend.
A13: CP-SOP-10 | B13: Soporte / Usuario | C13: ALTA | D13: Funcional | E13: APROBADO | F13: Error 502/500 con backend no disponible | G13: Vite activo y backend detenido. | H13: 1. Abrir “Mis tickets” o la bandeja. 2. Presionar “Actualizar”. 3. Esperar los reintentos. | I13: Se reintenta automáticamente y se muestra un mensaje amigable con botón “Reintentar”; no se muestra el error crudo “502 Bad Gateway”. | J13: Verificado; el proxy registró ECONNREFUSED y la UI mostró “El servidor de soporte está iniciando…” con reintento.
A14: CP-SOP-11 | B14: Soporte / Usuario | C14: MEDIA | D14: UX / Responsive | E14: PENDIENTE | F14: Responsive del widget en móvil | G14: Navegador con DevTools o dispositivo real en 360×640 y 390×844. | H14: 1. Abrir el widget. 2. Recorrer el chatbot. 3. Crear un ticket. 4. Abrir “Mis tickets”. 5. Abrir el teclado virtual. | I14: El panel ocupa el ancho disponible, no se desborda, mantiene scroll interno y queda por encima de la barra inferior. | J14: Revisión de CSS responsive realizada; pendiente validación en dispositivo físico.
A15: CP-SOP-12 | B15: Soporte / Usuario | C15: MEDIA | D15: Funcional | E15: APROBADO | F15: Navegación entre “Nuevo ticket” y “Mis tickets” | G15: Sesión activa. | H15: 1. Iniciar un ticket. 2. Cambiar a “Mis tickets”. 3. Volver a “Nuevo ticket”. | I15: La navegación no produce errores; el flujo se conserva o se reinicia de forma controlada. | J15: Verificado; cambio de pestañas sin errores.
... A44: CP-SEG-04 | B44: Seguridad | C44: MEDIA | D44: Seguridad | E44: APROBADO | F44: Sesión expirada | G44: Token JWT vencido. | H44: 1. Usar un token expirado. 2. Abrir el dashboard o consultar tickets. | I44: La API responde 401 con tokenExpired; el frontend limpia la sesión y redirige al login. | J44: Regresión del manejo existente de JWT; se mantiene el comportamiento.

Sheet CASOS ADMIN
A1: Checklist de Administración — Tickets de Soporte
A2: 16 casos específicos del sector admin · Completar Responsable, Fecha y Observaciones durante la ejecución
A3: ID | B3: Prioridad | C3: Estado | D3: Título / Funcionalidad | E3: Precondiciones | F3: Pasos | G3: Resultado esperado | H3: Resultado obtenido | I3: Responsable | J3: Fecha | K3: Observaciones
A4: CP-ADM-01 | B4: ALTA | C4: APROBADO | D4: Acceso al Panel de Administración | E4: Cuenta con rol admin o es_admin. | F4: 1. Iniciar sesión como administrador. 2. Verificar el enlace “Admin” en el menú. 3. Abrir /dashboard/admin. | G4: El enlace “Admin” es visible y el panel carga KPIs, pestañas y datos del sistema. | H4: Verificado con deviseproyect@gmail.com; panel y KPIs cargados.
A5: CP-ADM-02 | B5: ALTA | C5: APROBADO | D5: Usuario no administrador sin acceso | E5: Cuenta estándar. | F5: 1. Iniciar sesión como usuario. 2. Revisar el menú. 3. Intentar abrir /dashboard/admin. 4. Consultar una API de admin. | G5: No se muestra el enlace “Admin” ni la pestaña “Bandeja”; las APIs de administración responden 403. | H5: Verificado: sin enlace Admin, sin Bandeja y GET /api/admin/tickets respondió 403.
A6: CP-ADM-03 | B6: ALTA | C6: APROBADO | D6: Pestaña “Tickets de Soporte” | E6: Sesión de administrador. | F6: 1. Abrir el Panel de Administración. 2. Hacer clic en “Tickets de Soporte”. | G6: Se muestra el listado con código, estado, prioridad, usuario, asunto, mensaje y acciones. | H6: Verificado; tarjetas con todos los datos y botones de gestión.
A7: CP-ADM-04 | B7: MEDIA | C7: APROBADO | D7: KPI de tickets y contador de abiertos | E7: Panel con tickets cargados. | F7: 1. Observar la tarjeta “Tickets de Soporte”. 2. Comparar con el listado. 3. Resolver un ticket y refrescar. | G7: El KPI muestra el total y el badge de abiertos; se actualiza al cambiar estados. | H7: Verificado; badge “1 abiertos” y actualización tras resolver.
A8: CP-ADM-05 | B8: ALTA | C8: APROBADO | D8: Bandeja del administrador en el widget | E8: Sesión de administrador. | F8: 1. Abrir el icono “Soporte”. 2. Ir a la pestaña “Bandeja”. | G8: Se muestran todos los tickets de todos los usuarios, no solo los del administrador. | H8: Verificado; la bandeja mostró el ticket de “Usuario Demo”.
A9: CP-ADM-06 | B9: MEDIA | C9: APROBADO | D9: Marcado de ticket como leído | E9: Ticket sin leer. | F9: 1. Abrir el detalle o iniciar una respuesta. 2. Volver al listado. | G9: El ticket deja de mostrar “Nuevo”; el contador de no leídos disminuye. | H9: Verificado; unread pasó a 0 tras abrir/responder.
A10: CP-ADM-07 | B10: ALTA | C10: APROBADO | D10: Tomar ticket | E10: Ticket en estado Abierto. | F10: 1. Hacer clic en “Tomar” o “Tomar ticket”. | G10: El estado cambia a “En proceso” y se mantiene al refrescar. | H10: Verificado por UI y API (PUT con estado en_proceso).
A11: CP-ADM-08 | B11: ALTA | C11: APROBADO | D11: Resolver ticket | E11: Ticket en estado Abierto o En proceso. | F11: 1. Hacer clic en “Resolver”. | G11: El estado cambia a “Resuelto”; las acciones se actualizan y se registra la fecha de resolución. | H11: Verificado; estado “Resuelto” y acciones “Reabrir”.
A12: CP-ADM-09 | B12: MEDIA | C12: PENDIENTE | D12: Reabrir ticket | E12: Ticket en estado Resuelto. | F12: 1. Hacer clic en “Reabrir”. | G12: El estado vuelve a “Abierto” y el ticket puede atenderse nuevamente. | H12: No ejecutado en esta ronda; misma API que “Tomar”/“Resolver”.
A13: CP-ADM-10 | B13: ALTA | C13: APROBADO | D13: Responder desde la bandeja del widget | E13: Ticket abierto en la bandeja. | F13: 1. Hacer clic en “Responder”. 2. Escribir la respuesta. 3. Guardar. | G13: La respuesta se guarda, el estado pasa a “En proceso” y el usuario la ve en “Mis tickets”. | H13: Verificado; respuesta visible en el ticket y en la vista del usuario.
A14: CP-ADM-11 | B14: ALTA | C14: APROBADO | D14: Responder desde el panel admin (modal) | E14: Ticket visible en la pestaña de tickets. | F14: 1. Hacer clic en “Ver detalle”. 2. Escribir la respuesta. 3. Guardar respuesta. | G14: La respuesta se guarda, el ticket se marca como leído y cambia a “En proceso”. | H14: Verificado; modal, guardado y actualización de estado.
A15: CP-ADM-12 | B15: BAJA | C15: PENDIENTE | D15: Responder por correo | E15: Cliente de correo configurado. | F15: 1. Hacer clic en “Responder por correo” o “Enviar por correo”. | G15: Se abre el cliente de correo con asunto [código] y cuerpo con el ticket y la respuesta. | H15: Pendiente de validación con cliente de correo real.
... A19: CP-ADM-16 | B19: ALTA | C19: APROBADO | D19: Persistencia de estado y respuesta | E19: Ticket con estado/respuesta modificados. | F19: 1. Cambiar estado y guardar respuesta. 2. Recargar el panel. 3. Abrir el mismo ticket. | G19: El estado, la respuesta y la marca de leído se mantienen. | H19: Verificado tras recargar la página y consultar nuevamente la bandeja.

Sheet COBERTURA
A1: Cobertura de Pruebas — Módulo de Soporte y Tickets
A2: Distribución por módulo, prioridad y tipo de prueba · 41 casos
A3: Módulo | B3: Casos | C3: Aprobados | D3: Pendientes | E3: Parciales | F3: Fallos | G3: % Cobertura
A4: Soporte / Usuario | B4: =COUNTIF('CASOS DE PRUEBA'!$B$4:$B$44,$A4) | C4: =COUNTIFS('CASOS DE PRUEBA'!$B$4:$B$44,$A4,'CASOS DE PRUEBA'!$E$4:$E$44,"APROBADO") | D4: =COUNTIFS('CASOS DE PRUEBA'!$B$4:$B$44,$A4,'CASOS DE PRUEBA'!$E$4:$E$44,"PENDIENTE") | E4: =COUNTIFS('CASOS DE PRUEBA'!$B$4:$B$44,$A4,'CASOS DE PRUEBA'!$E$4:$E$44,"PARCIAL") | F4: =COUNTIFS('CASOS DE PRUEBA'!$B$4:$B$44,$A4,'CASOS DE PRUEBA'!$E$4:$E$44,"FALLO") | G4: =IF(B4=0,0,C4/B4)
A5: Administración | B5: =COUNTIF('CASOS DE PRUEBA'!$B$4:$B$44,$A5) | C5: =COUNTIFS('CASOS DE PRUEBA'!$B$4:$B$44,$A5,'CASOS DE PRUEBA'!$E$4:$E$44,"APROBADO") | D5: =COUNTIFS('CASOS DE PRUEBA'!$B$4:$B$44,$A5,'CASOS DE PRUEBA'!$E$4:$E$44,"PENDIENTE") | E5: =COUNTIFS('CASOS DE PRUEBA'!$B$4:$B$44,$A5,'CASOS DE PRUEBA'!$E$4:$E$44,"PARCIAL") | F5: =COUNTIFS('CASOS DE PRUEBA'!$B$4:$B$44,$A5,'CASOS DE PRUEBA'!$E$4:$E$44,"FALLO") | G5: =IF(B5=0,0,C5/B5)
A6: Integración / Backend | B6: =COUNTIF('CASOS DE PRUEBA'!$B$4:$B$44,$A6) | C6: =COUNTIFS('CASOS DE PRUEBA'!$B$4:$B$44,$A6,'CASOS DE PRUEBA'!$E$4:$E$44,"APROBADO") | D6: =COUNTIFS('CASOS DE PRUEBA'!$B$4:$B$44,$A6,'CASOS DE PRUEBA'!$E$4:$E$44,"PENDIENTE") | E6: =COUNTIFS('CASOS DE PRUEBA'!$B$4:$B$44,$A6,'CASOS DE PRUEBA'!$E$4:$E$44,"PARCIAL") | F6: =COUNTIFS('CASOS DE PRUEBA'!$B$4:$B$44,$A6,'CASOS DE PRUEBA'!$E$4:$E$44,"FALLO") | G6: =IF(B6=0,0,C6/B6)
A7: Seguridad | B7: =COUNTIF('CASOS DE PRUEBA'!$B$4:$B$44,$A7) | C7: =COUNTIFS('CASOS DE PRUEBA'!$B$4:$B$44,$A7,'CASOS DE PRUEBA'!$E$4:$E$44,"APROBADO") | D7: =COUNTIFS('CASOS DE PRUEBA'!$B$4:$B$44,$A7,'CASOS DE PRUEBA'!$E$4:$E$44,"PENDIENTE") | E7: =COUNTIFS('CASOS DE PRUEBA'!$B$4:$B$44,$A7,'CASOS DE PRUEBA'!$E$4:$E$44,"PARCIAL") | F7: =COUNTIFS('CASOS DE PRUEBA'!$B$4:$B$44,$A7,'CASOS DE PRUEBA'!$E$4:$E$44,"FALLO") | G7: =IF(B7=0,0,C7/B7)
A10: Prioridad | B10: Casos | C10: % del total
A11: ALTA | B11: =COUNTIF('CASOS DE PRUEBA'!$C$4:$C$44,$A11) | C11: =IF(COUNTA('CASOS DE PRUEBA'!$A$4:$A$44)=0,0,B11/COUNTA('CASOS DE PRUEBA'!$A$4:$A$44))
A12: MEDIA | B12: =COUNTIF('CASOS DE PRUEBA'!$C$4:$C$44,$A12) | C12: =IF(COUNTA('CASOS DE PRUEBA'!$A$4:$A$44)=0,0,B12/COUNTA('CASOS DE PRUEBA'!$A$4:$A$44))
A13: BAJA | B13: =COUNTIF('CASOS DE PRUEBA'!$C$4:$C$44,$A13) | C13: =IF(COUNTA('CASOS DE PRUEBA'!$A$4:$A$44)=0,0,B13/COUNTA('CASOS DE PRUEBA'!$A$4:$A$44))
A16: Tipo de prueba | B16: Casos | C16: % del total
A17: Funcional | B17: =COUNTIF('CASOS DE PRUEBA'!$D$4:$D$44,$A17) | C17: =IF(B17=0,0,B17/COUNTA('CASOS DE PRUEBA'!$A$4:$A$44))
A18: Funcional / Admin | B18: =COUNTIF('CASOS DE PRUEBA'!$D$4:$D$44,$A18) | C18: =IF(B18=0,0,B18/COUNTA('CASOS DE PRUEBA'!$A$4:$A$44))
A19: UX / Responsive | B19: =COUNTIF('CASOS DE PRUEBA'!$D$4:$D$44,$A19) | C19: =IF(B19=0,0,B19/COUNTA('CASOS DE PRUEBA'!$A$4:$A$44))
A20: API / Integración | B20: =COUNTIF('CASOS DE PRUEBA'!$D$4:$D$44,$A20) | C20: =IF(B20=0,0,B20/COUNTA('CASOS DE PRUEBA'!$A$4:$A$44))
A21: Seguridad | B21: =COUNTIF('CASOS DE PRUEBA'!$D$4:$D$44,$A21) | C21: =IF(B21=0,0,B21/COUNTA('CASOS DE PRUEBA'!$A$4:$A$44))

Sheet BUG REPORT
A1: Defectos y Correcciones — Módulo de Soporte y Tickets
A2: Registro de defectos detectados durante el ciclo y su corrección
A3: ID | B3: Severidad | C3: Título | D3: Causa | E3: Corrección aplicada | F3: Estado
A4: DEF-01 | B4: Crítico | C4: Error 502: Bad Gateway al consultar tickets | D4: Vite estaba activo pero el backend no estaba levantado; el proxy devolvía error. | E4: Se agregó npm run dev:all, reintentos automáticos para 500/502/503/504 y mensaje amigable con botón “Reintentar”. | F4: CORREGIDO
A5: DEF-02 | B5: Alto | C5: La app seguía mostrando una versión vieja del frontend | D5: Service worker con caché divise-v1 y estrategia cache-first. | E5: Se desregistra el SW en desarrollo, se limpia la caché y en producción se usa divise-v2 con network-first para navegación. | F5: CORREGIDO
A6: DEF-03 | B6: Medio | C6: El panel admin tardaba en mostrar tickets si la base no respondía | D6: Promise.allSettled esperaba la consulta más lenta antes de actualizar la UI. | E6: Cada sección (tickets, mensajes, emails, usuarios, stats) carga de forma independiente. | F6: CORREGIDO
A7: DEF-04 | B7: Alto | C7: El administrador no podía atender tickets desde el icono de Soporte | D7: El widget solo mostraba “Mis tickets”, incluso para admin. | E7: Se agregó la pestaña “Bandeja” para administradores con acciones de atención y respuesta. | F7: CORREGIDO
A8: DEF-05 | B8: Medio | C8: Posible colisión de códigos de ticket al reiniciar el almacenamiento JSON | D8: El código se generaba con un consecutivo local. | E8: Se genera un código único con timestamp y sufijo aleatorio; además se combinan tickets de DB y JSON sin duplicados. | F8: CORREGIDO
A9: DEF-06 | B9: Medio | C9: Tickets del JSON podían quedar ocultos si la DB tenía datos | D9: El listado devolvía solo la fuente DB cuando tenía filas. | E9: Se combinan ambas fuentes por código para no perder tickets del respaldo. | F9: CORREGIDO

Sheet TRAZABILIDAD
A1: Matriz de Trazabilidad — Funcionalidades y Casos
A2: Relación entre las funcionalidades incorporadas y los casos de prueba
A3: Módulo | B3: Funcionalidad nueva | C3: Casos asociados | D3: Cobertura
A4: Administración | B4: Icono flotante y panel de Soporte | C4: CP-SOP-01, CP-SOP-02, CP-SOP-11, CP-SOP-12 | D4: 100%
A5: Soporte / Usuario | B5: Chatbot y validaciones | C5: CP-SOP-03, CP-SOP-04, CP-SOP-05, CP-SOP-06 | D5: 100%
A6: Administración | B6: Tickets del usuario | C6: CP-SOP-07, CP-SOP-08, CP-SOP-09, CP-SOP-10 | D6: 100%
A7: Administración | B7: Bandeja del administrador en el widget | C7: CP-ADM-05, CP-ADM-06, CP-ADM-07, CP-ADM-10, CP-ADM-16 | D7: 100%
A8: Administración | B8: Pestaña de tickets en el Panel Admin | C8: CP-ADM-01, CP-ADM-03, CP-ADM-04, CP-ADM-11, CP-ADM-14 | D8: 100%
A9: Administración | B9: Estados del ticket | C9: CP-ADM-07, CP-ADM-08, CP-ADM-09, CP-ADM-16, CP-INT-04 | D9: 100%
A10: Administración | B10: Respuestas al usuario | C10: CP-SOP-08, CP-ADM-10, CP-ADM-11, CP-ADM-12 | D10: 100%
A11: Administración | B11: Eliminación y búsqueda | C11: CP-ADM-13, CP-ADM-14, CP-INT-05 | D11: 100%
A12: Integración / Backend | B12: Persistencia y backend | C12: CP-INT-01 a CP-INT-06, CP-ADM-16 | D12: 100%
A13: Integración / Backend | B13: Correo y auditoría | C13: CP-INT-07 | D13: 100%
A14: Integración / Backend | B14: Conectividad y caché | C14: CP-SOP-10, CP-INT-08, CP-INT-09 | D14: 100%
... A16: Soporte / Usuario | B16: Responsive | C16: CP-SOP-11, CP-ADM-15 | D16: 100%

Sheet CIERRE DE CICLO
A1: Informe de Cierre de Ciclo — Módulo de Soporte y Tickets
A2: Resultado final, pendientes y aprobaciones · Octubre 2026
A4: Proyecto | B4: Divise — Cotizaciones & Mercado en Tiempo Real
A5: Documento fuente | B5: Casos de Prueba — Módulo de Soporte y Tickets (v1.0)
A6: Entorno | B6: Local (Vite + Express) y producción Render/Supabase
A7: Casos diseñados | B7: 41
A8: Aprobados | B8: 34
A9: Pendientes | B9: 4
A10: Parciales | B10: 3
A11: Fallos bloqueantes | B11: 0
A12: Resultado del ciclo | B12: APROBADO PARA DESPLIEGUE
A13: Pendientes de validación | B13: Responsive físico, reapertura de ticket, correo real y migración en Supabase.
A14: Observaciones | B14: El módulo de soporte quedó integrado al dashboard y al panel de administración, con bandeja propia para el admin, respuestas al usuario y respaldo JSON.
A18: APROBACIONES
A19: Rol | B19: Nombre | C19: Firma | D19: Fecha
A20: QA / Testing | B20: Lorenzo Sánchez
A21: Desarrollo | B21: Santino Tacconi
A22: Desarrollo | B22: Santiago Centurión
A23: Project Manager | B23: Valentín López
A24: UX | B24: Bruno Cabrera
